"","X","OR","LCI","UCI","P.value","numTested","SE","Q","significant","adjustedP","adjLCL_OR","adjUCL_OR"
"9","C*08:02",1.794912,1.3087828,2.43705,0.000222269654302779,5,0.158345679865799,0.005,"***",0.00181361783872098,1.15081953214053,2.79949114328256
"4","C*04:01",0.6048273,0.4558046,0.7922732,0.000362723567744196,5,0.140834192946234,0.01,"***",0.00181361783872098,0.420808609731575,0.869316963497102
"8","C*07:02",1.40537306,1.1319512,1.7395112,0.0019639591680741,5,0.109548713086054,0.015,"***",0.006546530560247,1.076633232918,1.83449050000131
"6","C*06:02",0.7437896,0.5628778,0.9714544,0.0335110767765867,5,0.139035271435591,0.02,"-",0.0837776919414668,0.538244969955917,1.02782747623906
"1","C*02:02",1.33547466,0.9708226,1.8135762,0.0790291048551676,5,0.159177691363837,0.025,"-",0.158058209710335,0.934732831369835,1.90802388409578
"2","C*03:03",0.7619307,0.5165106,1.0941024,0.16124828802938,5,0.190931433812154,0.03,"-",0.268747146715633,0.503466481719084,1.15308250436105
"3","C*03:04",0.88120272,0.6547876,1.1704092,0.397485972161851,5,0.147951016507075,0.035,"-",0.567837103088359,0.645066836111106,1.2037795004573
"10","C*12:03",0.9051149,0.6433582,1.2498896,0.559221381338695,5,0.169056145773266,0.04,"-",0.636234375867288,0.639612818217553,1.28082639820292
"7","C*07:01",0.93892078,0.753543,1.164932,0.572610938280559,5,0.111063119180286,0.045,"-",0.636234375867288,0.751512567219169,1.17306385757181
"5","C*05:01",1.04744802,0.8058816,1.3499564,0.729087879268069,5,0.131467074489821,0.05,"-",0.729087879268069,0.809519851921759,1.35530629915665
